vehicle_id,time,longitude,latitude,timestamp,x,y,aoi_requirement
4407,200,104.09315761926722,30.69109420213937,1479276200,4779.0,3784.0,20
1997,546,104.07992801315748,30.66460157135343,1479276546,3513.0,838.0,10
20,1154,104.0588504773842,30.67816031914575,1479277154,1497.0,2346.0,15
4803,1577,104.09527813316264,30.66612534385845,1479277577,4982.0,1007.0,15
5405,640,104.07514337198172,30.66853373840657,1479276640,3056.0,1275.0,10
1742,1324,104.07460322280062,30.68697592364921,1479277324,3004.0,3326.0,15
4753,579,104.06720346600146,30.705155685779392,1479276579,2296.0,5347.0,20
4664,1702,104.07917820483058,30.677596324103977,1479277702,3442.0,2283.0,15
1345,1468,104.06447972945264,30.67261429543376,1479277468,2036.0,1729.0,10
894,718,104.08582255759175,30.670165721752337,1479276718,4077.0,1457.0,15
1865,1736,104.06976125967886,30.663011793213,1479277736,2541.0,661.0,10
1495,338,104.08825141125368,30.659879313878445,1479276338,4309.0,313.0,15
316,851,104.05264345950516,30.697312419929084,1479276851,903.0,4475.0,20
5080,283,104.07389524788088,30.663377201935443,1479276283,2936.0,702.0,10
2454,1624,104.06825371598542,30.66181412214299,1479277624,2397.0,528.0,10
2142,1755,104.05295368983784,30.6761815273558,1479277755,933.0,2126.0,15
480,1794,104.05339332831132,30.66146723955049,1479277794,975.0,489.0,10
5280,839,104.07497186184692,30.70612664689503,1479276839,3039.0,5455.0,20
40,666,104.07169810083016,30.668277300369528,1479276666,2726.0,1247.0,10
5335,445,104.0707184011134,30.69332701396968,1479276445,2632.0,4032.0,15
3293,17,104.07314418813962,30.708677213162023,1479276017,2864.0,5739.0,20
4520,1394,104.06665571956938,30.67632969916051,1479277394,2244.0,2142.0,15
334,1289,104.07738906241929,30.70245626058544,1479277289,3270.0,5047.0,20
1231,916,104.07052855389412,30.69624587047129,1479276916,2614.0,4357.0,20
2246,1751,104.04763594134148,30.696142848255885,1479277751,424.0,4345.0,20
2014,1720,104.06327231058046,30.664969401145875,1479277720,1920.0,879.0,10
1562,414,104.04524208213452,30.699956115924707,1479276414,195.0,4769.0,20
2820,1002,104.0566048329045,30.68807956426657,1479277002,1282.0,3449.0,15
3805,1183,104.06992943942836,30.6969462285054,1479277183,2557.0,4435.0,20
267,649,104.06454888632216,30.68825710717008,1479276649,2042.0,3468.0,15
4129,716,104.06122644617606,30.660724308322827,1479276716,1724.0,407.0,10
4714,1516,104.0769410841348,30.67001149410248,1479277516,3228.0,1440.0,10
899,1218,104.05672416046934,30.6970651969914,1479277218,1294.0,4448.0,20
2878,1443,104.0825755530426,30.662490782593785,1479277443,3766.0,603.0,10
1065,146,104.09720572194608,30.710015224659987,1479276146,5166.0,5888.0,20
1894,1108,104.088041546664,30.65971945423785,1479277108,4289.0,295.0,15
4997,260,104.04368647403076,30.69633120130381,1479276260,47.0,4366.0,20
3008,162,104.04796652173944,30.66463644789877,1479276162,456.0,842.0,10
4023,736,104.08643104556226,30.69352484505274,1479276736,4135.0,4054.000000000001,20
3485,293,104.07333372606334,30.71303494152361,1479276293,2882.0,6223.0,20
1396,431,104.07132890627578,30.66253023482496,1479276431,2691.0,608.0,10
4479,1599,104.06271355777812,30.66080204341969,1479277599,1867.0,415.0,10
4504,874,104.0984456598004,30.70811624277921,1479276874,5285.0,5677.0,20
1630,694,104.05599656916807,30.67947454390128,1479276694,1224.0,2492.0,15
3209,1301,104.06650597764948,30.67629990763666,1479277301,2229.0,2139.0,15
4692,1310,104.07212726841736,30.67288479064453,1479277310,2767.0,1759.0,10
2769,1149,104.0631223813813,30.66957757949387,1479277149,1906.0,1391.0,10
4639,1584,104.10108641982136,30.69020509539269,1479277584,5537.0,3685.0,20
283,852,104.04940249475789,30.67285988699986,1479276852,593.0,1756.0,10
1557,681,104.04142258939902,30.7008541665518,1479276681,170.0,4869.0,20
1193,1407,104.057384008305,30.6690368388041,1479277407,1357.0,1331.0,10
464,600,104.04581143181323,30.68076375155466,1479276600,250.0,2635.0,15
4088,720,104.0640487427808,30.71129700597516,1479276720,1994.0,6030.0,20
981,306,104.05492812262888,30.69799790984256,1479276306,1122.0,4551.0,20
4729,1351,104.07595271903216,30.66055651631108,1479277351,3133.0,388.0,10
3206,1088,104.1009364302252,30.689865217785343,1479277088,5523.0,3647.0,20
3474,1470,104.04249034986336,30.683969566526923,1479277470,68.0,2992.0,15
3622,1336,104.05813252039158,30.66654668784748,1479277336,1428.0,1054.0,10
1578,342,104.0605763182585,30.691791336706828,1479276342,1662.0,3861.0,15
4379,1562,104.07399458725362,30.674842014864563,1479277562,2946.0,1977.0,10
4358,1334,104.10049760195838,30.66427665151787,1479277334,5481.0,802.0,15
1629,474,104.0731052207156,30.68741719148661,1479276474,2861.0,3375.0,15
4589,693,104.07479390782206,30.66668488247436,1479276693,3022.0,1070.0,10
1991,336,104.06088679785788,30.667761735460804,1479276336,1692.0,1189.0,10
4112,1782,104.07751935268492,30.69287063233813,1479277782,3283.0,3981.0,15
264,1675,104.04295827260609,30.70102062231572,1479277675,23.0,4888.0,20
2435,904,104.08358469030608,30.662130369977923,1479276904,3863.0,563.0,15
3432,1282,104.07592239380914,30.66844307261146,1479277282,3130.0,1265.0,10
2196,1121,104.09008856366624,30.699390897165827,1479277121,4485.0,4706.0,20
2713,1772,104.08914018879574,30.675172267789293,1479277772,4394.0,2013.0,15
408,592,104.0816857830386,30.67527565039134,1479276592,3681.0,2025.0,10
1413,434,104.07141884082274,30.661070775520567,1479276434,2699.0,445.0,10
1054,375,104.04678960004448,30.664189088041294,1479276375,343.0,792.0,10
4697,1593,104.04115359684396,30.69548729138192,1479277593,196.0,4272.0,20
3357,74,104.05993800065536,30.683246263591577,1479276074,1601.0,2911.0,15
4200,579,104.09902752759096,30.6667053226526,1479276579,5340.0,1072.0,15
5401,1362,104.07564275157658,30.66825340698865,1479277362,3103.0,1244.0,10
2493,1653,104.09951567545652,30.70629725802114,1479277653,5387.0,5474.0,20
1622,1690,104.08512327725944,30.665897932323528,1479277690,4010.0,982.0,15
1689,375,104.07011983740716,30.681902939126363,1479276375,2575.0,2762.0,15
2842,466,104.08483336783992,30.66879678865642,1479276466,3982.0,1304.0,15
2342,1198,104.05939015266206,30.66076717227265,1479277198,1549.0,412.0,10
1236,1737,104.0817961995671,30.6639806007475,1479277737,3692.0,769.0,10
2742,1604,104.08430254551152,30.6957747824724,1479277604,3932.0,4304.0,20
2845,1357,104.07602263802532,30.660436506778005,1479277357,3140.0,375.0,10
1547,1568,104.04409599709932,30.682126841818704,1479277568,86.0,2787.0,15
1635,371,104.05925043862182,30.66082737103289,1479276371,1535.0,418.0,10
167,1796,104.05647469003276,30.69745544437286,1479277796,1270.0,4491.0,20
793,185,104.0436379631516,30.66646487066136,1479276185,42.0,1045.0,10
4485,1048,104.07470325728896,30.68338746989246,1479277048,3013.0,2927.0,15
4985,423,104.0693619722077,30.66110309728541,1479276423,2503.0,449.0,10
666,520,104.0871505046563,30.69464403919337,1479276520,4204.0,4179.0,20
2558,318,104.05353272637726,30.667524316605824,1479276318,988.0,1163.0,10
2717,664,104.09206931787108,30.663296877817515,1479276664,4675.0,693.0,15
303,1145,104.06829368434188,30.66108439226614,1479277145,2400.0,447.0,10
2964,1506,104.06007862780343,30.66329496792534,1479277506,1615.0,693.0,10
3086,1458,104.0719367319644,30.6905169810866,1479277458,2749.0,3720.0,15
2834,1477,104.04095544870977,30.66708064298789,1479277477,215.0,1114.0,10
1372,179,104.08111691019155,30.662641622610185,1479276179,3627.0,620.0,10
2788,1766,104.07351463244711,30.68796652736502,1479277766,2900.0,3436.0,15
4577,124,104.06679546449176,30.67668935609109,1479276124,2257.0,2182.0,15
3089,698,104.068942251724,30.66950989153005,1479276698,2462.0,1384.0,10
2653,1384,104.04803573843355,30.677940375041786,1479277384,463.0,2321.0,15
178,1079,104.0731462332282,30.664167600955,1479277079,2865.0,790.0,10
3069,868,104.08944057403308,30.66322748591918,1479276868,4423.0,685.0,15
178,1397,104.07058979264774,30.66727896417961,1479277397,2620.0,1136.0,10
4129,673,104.05940013618216,30.660677195527946,1479276673,1550.0,402.0,10
4196,555,104.0562552374747,30.69606647232972,1479276555,1249.0,4337.0,20
494,91,104.06607679158006,30.67473117701087,1479276091,2188.0,1964.0,10
488,1135,104.09940730665512,30.671063446474488,1479277135,5377.0,1556.0,15
2538,780,104.07760079292572,30.65954555601561,1479276780,3291.0,276.0,10
2465,23,104.08731042720748,30.69404425742168,1479276023,4219.0,4112.0,20
515,1451,104.07753042437488,30.66932131192309,1479277451,3284.0,1363.0,10
1384,555,104.07068869456452,30.68791954361469,1479276555,2629.0,3431.0,15
143,767,104.06104448794866,30.711331422985747,1479276767,1707.0,6034.0,20
1881,962,104.06627670124554,30.669143407167176,1479276962,2207.0,1343.0,10
5167,974,104.07632134475352,30.68056728419908,1479276974,3168.0,2613.0,15
3861,964,104.06954162168756,30.662592233850688,1479276964,2520.0,615.0,10
2592,668,104.08729100997084,30.681689940372664,1479276668,4218.0,2738.0,20
5370,1500,104.0830539271378,30.688578785436388,1479277500,3812.0,3504.0,20
4519,966,104.06834352661144,30.662753600207346,1479276966,2405.0,632.0,10
920,546,104.0742036188087,30.68982499587564,1479276546,2966.0,3643.0,15
1584,690,104.0529443092205,30.663087363953533,1479276690,932.0,670.0,10
4011,398,104.04892412592672,30.66354497715809,1479276398,548.0,720.0,10
4849,1234,104.09187942608582,30.662657189882857,1479277234,4656.0,622.0,15
1616,1541,104.0805873902441,30.66356157163684,1479277541,3576.0,722.0,10
846,804,104.04850473959746,30.67349141640402,1479276804,507.0,1826.0,10
1156,1067,104.0553674984724,30.689920877833647,1479277067,1164.0,3653.0,15
391,1636,104.06400942581656,30.697993349444864,1479277636,1991.0,4551.0,20
785,1716,104.08561289650387,30.66615759155572,1479277716,4057.000000000001,1011.0,15
718,1308,104.10164764400363,30.6643169000649,1479277308,5591.0,806.0,15
2223,658,104.0631023650566,30.67075708383252,1479276658,1904.0,1522.0,10
2432,888,104.05805291704831,30.66156900877741,1479276888,1421.0,501.0,10
721,397,104.06058621504678,30.693610478465462,1479276397,1663.0,4064.0,15
569,1359,104.10003760147464,30.664296552051617,1479277359,5437.0,804.0,15
295,1225,104.07460397199696,30.670673292418684,1479277225,3004.0,1513.0,10
1730,478,104.10185742098244,30.66947467454116,1479276478,5611.0,1380.0,15
2284,1321,104.080546334853,30.68736090802752,1479277321,3572.0,3369.0,15
2952,1056,104.08668187853988,30.67170467352144,1479277056,4159.0,1628.0,15
291,204,104.05336340152115,30.661397325496768,1479276204,972.0,482.0,10
4404,1089,104.04872394382176,30.678708624483622,1479277089,528.0,2407.0,15
1601,1699,104.07395527341174,30.661068154880592,1479277699,2942.0,445.0,10
4352,965,104.04122380959704,30.6863913318465,1479276965,189.0,3261.0,15
4375,1124,104.06306219757172,30.676064766596003,1479277124,1900.0,2113.0,15
3341,887,104.09031843976098,30.699560761397592,1479276887,4507.0,4725.0,20
1949,342,104.06494940578705,30.66116870575709,1479276342,2080.0,456.0,10
1917,830,104.06480901338158,30.675232665882,1479276830,2067.0,2020.0,10
5326,1356,104.06854246560776,30.678836194471653,1479277356,2424.0,2421.0,15
3390,529,104.08072696201803,30.66983870334292,1479276529,3590.0,1420.0,10
3693,776,104.09069929014828,30.67710099939897,1479276776,4544.0,2228.0,20
4383,929,104.06969045933091,30.682833012809684,1479276929,2534.0,2865.0,15
3853,1103,104.09756749437273,30.67051346943533,1479277103,5201.0,1495.0,15
1880,1362,104.08949053817162,30.663417388679324,1479277362,4428.0,706.0,15
3327,832,104.07509348882316,30.667384293751216,1479276832,3051.0,1147.0,10
667,1162,104.07996762926425,30.672048242189145,1479277162,3517.0,1666.0,10
2255,1445,104.06121646589573,30.66072432360298,1479277445,1723.0,407.0,10
5389,813,104.09356808103158,30.678030126312475,1479276813,4818.0,2331.0,20
1524,231,104.09943773237424,30.66180753959853,1479276231,5379.0,527.0,15
4086,1163,104.07847779010616,30.703185048212333,1479277163,3375.0,5128.0,20
5167,764,104.0799970058058,30.684922405332284,1479276764,3520.0,3098.0,15
1598,447,104.0683535264108,30.662403741344,1479276447,2406.0,594.0,10
422,1118,104.0729366680157,30.661039185949228,1479277118,2844.0,442.0,10
5208,1001,104.06831199907676,30.69712807105856,1479277001,2402.0,4455.0,20
1812,195,104.05787275930062,30.673414066399555,1479276195,1404.0,1818.0,10
4122,1779,104.04614014194344,30.689928860617776,1479277779,281.0,3654.0,15
2229,1252,104.08608183725671,30.681720413096755,1479277252,4102.0,2741.0,20
2120,1259,104.08936899473564,30.698301598218443,1479277259,4416.0,4585.0,20
711,1226,104.05776299708228,30.67334428121799,1479277226,1393.0,1810.0,10
4606,361,104.07582251479025,30.66851313053744,1479276361,3121.0,1273.0,10
780,306,104.10035759685051,30.6643665833902,1479276306,5467.0,812.0,15
3346,111,104.05358256956576,30.66841383068285,1479276111,993.0,1262.0,10
2030,1265,104.08031717118588,30.67422702342843,1479277265,3550.0,1908.0,10
670,692,104.06128633024154,30.660674238558133,1479276692,1730.0,401.0,10
1042,929,104.05671450208692,30.69005846459505,1479276929,1293.0,3669.0,15
3874,487,104.07794866319328,30.697138300827195,1479276487,3324.0,4456.0,20
3329,10,104.0511665163968,30.708190110948784,1479276010,762.0,5685.0,20
1142,255,104.0699406807935,30.669558694138683,1479276255,2558.0,1389.0,10
2959,1713,104.0825845554789,30.68396117182867,1479277713,3767.0,2991.0,15
66,624,104.0597490215838,30.66937280661657,1479276624,1583.0,1368.0,10
4928,1341,104.06172548774748,30.660253754743263,1479277341,1772.0,354.0,10
3457,1038,104.0452024988695,30.6931293847126,1479277038,192.0,4010.0,15
3602,1720,104.05013008122756,30.68594252031101,1479277720,663.0,3211.0,15
2530,813,104.0675736200168,30.688313073216595,1479276813,2331.0,3475.0,15
5385,38,104.05495802915472,30.69855759458968,1479276038,1125.0,4614.0,20
368,1632,104.0418928133644,30.66660871208961,1479277632,125.0,1061.0,10
1128,304,104.06862228486276,30.679965586369946,1479276304,2432.0,2546.0,15
366,81,104.08348242329352,30.713166998331243,1479276081,3853.0,6238.0,20
374,1261,104.05610653525798,30.67487642450265,1479277261,1235.0,1980.0,10
4074,1401,104.0758624627534,30.66856307274086,1479277401,3124.0,1278.0,10
1125,1267,104.09726751963228,30.67088328246862,1479277267,5172.0,1536.0,15
1251,743,104.08751126640053,30.67303376140328,1479276743,4239.0,1776.0,15
398,1609,104.07117754808894,30.69694482073531,1479277609,2676.0,4434.0,20
3133,224,104.04901322471484,30.67838818449892,1479276224,556.0,2371.0,15
291,711,104.068423350165,30.66377305493356,1479276711,2413.0,746.0,10
4605,1730,104.08394418986964,30.666468269626414,1479277730,3897.0,1046.0,15
1554,378,104.0479850130566,30.696741849756545,1479276378,458.0,4412.0,20
1121,162,104.07982828501434,30.66094324672749,1479276162,3504.0,431.0,10
1058,1714,104.0878010707457,30.67328354570501,1479277714,4266.0,1803.0,15
4040,749,104.07498289978194,30.68327725803196,1479276749,3040.0,2915.0,15
4094,1364,104.07881823212055,30.68546302044427,1479277364,3407.0,3158.0,15
1603,954,104.07070842075292,30.69322707151095,1479276954,2631.0,4021.0,15
5148,1292,104.04676778142644,30.705430294188304,1479277292,341.0,5378.0,20
1236,1278,104.0732253824788,30.680290320958107,1479277278,2872.0,2582.0,15
1010,1762,104.05595750710228,30.66084290008516,1479277762,1220.0,420.0,10
397,1205,104.08854124551708,30.65971928933792,1479277205,4337.0,295.0,15
5164,657,104.05342259227636,30.67610069281349,1479276657,978.0,2117.0,15
956,1107,104.05784174545316,30.69702332297269,1479277107,1401.0,4443.0,20
4368,513,104.0530340984956,30.66306720533728,1479276513,941.0,667.0,10
4287,1643,104.08104596662658,30.6846218281622,1479277643,3620.0,3064.0,15
4706,482,104.05125834418769,30.66320051654894,1479276482,771.0,682.0,10
5393,516,104.05809226580534,30.673983445753983,1479276516,1425.0,1881.0,10
362,1320,104.09311761733936,30.69144404500653,1479277320,4775.0,3823.0,20
2523,1783,104.08565166146003,30.69231574173056,1479277783,4061.0,3920.0,20
3763,433,104.0566160645333,30.66059186741621,1479276433,1283.0,392.0,10
3794,1057,104.0460001078918,30.69884501518428,1479277057,268.0,4646.0,20
1197,720,104.04102455653612,30.68242360037158,1479276720,208.0,2820.0,15
1878,1245,104.06964154303424,30.660902856338645,1479277245,2529.0,427.0,10
2121,650,104.08151629877288,30.66756919392164,1479276650,3665.0,1168.0,10
162,1330,104.0804775823239,30.661782426561096,1479277330,3566.0,524.0,10
4349,1505,104.06998934684714,30.69694615936149,1479277505,2563.0,4435.0,20
4541,1396,104.06302258111867,30.6693278355085,1479277396,1896.0,1363.0,10
4052,878,104.06975129033036,30.66268194950642,1479276878,2540.0,624.0,10
2343,757,104.07764901308748,30.69698861167338,1479276757,3295.0,4439.0,20
1559,1563,104.0490525702832,30.690572540880268,1479277563,560.0,3726.0,15
2625,1624,104.09724685977444,30.68524679736416,1479277624,5170.0,3134.0,20
2503,1332,104.07121748197982,30.697094706855943,1479277332,2680.0,4451.0,20
1259,1066,104.06807364658576,30.6697408473628,1479277066,2379.0,1409.0,10
3101,1354,104.0515775646692,30.66330985385319,1479277354,801.0,694.0,10
285,767,104.07178627435766,30.705200279735053,1479276767,2734.0,5352.0,20
1532,615,104.09834596459372,30.701719255910746,1479276615,5275.0,4965.0,20
1586,1329,104.07221718644698,30.67186515112221,1479277329,2776.0,1646.0,10
2194,1081,104.09190939464158,30.663067005049545,1479277081,4659.0,667.0,15
5383,605,104.09177766343792,30.701779418142173,1479276605,4647.0,4972.0,20
3034,1621,104.07372437908668,30.68727663610905,1479277621,2920.0,3359.0,15
284,1777,104.0632023645762,30.666658756991776,1479277777,1913.0,1067.0,10
4800,1470,104.05343160244028,30.69732094748502,1479277470,979.0,4476.0,20
5405,462,104.06966112045964,30.6694390720582,1479276462,2531.0,1376.0,10
640,270,104.05339332831132,30.66146723955049,1479276270,975.0,489.0,10
1140,991,104.04982121209258,30.677996744398868,1479276991,633.0,2327.0,15
295,1228,104.0747437927409,30.670603191524982,1479277228,3017.0,1505.0,10
3075,1689,104.05972848397327,30.6820371470319,1479277689,1581.0,2777.0,15
3117,1541,104.0577529541284,30.67475366647834,1479277541,1392.0,1967.0,10
312,563,104.07834950592684,30.669040782985373,1479276563,3362.0,1332.0,10
4071,667,104.07549243029156,30.67934857354352,1479276667,3089.0,2478.0,15
3380,292,104.07920727318148,30.697137333382607,1479276292,3444.0,4456.0,20
2048,325,104.05393200142586,30.66307554432617,1479276325,1027.0,668.0,10
5216,848,104.05339332740168,30.66148723080605,1479276848,975.0,492.0,10
5391,1018,104.09906538607764,30.713033978198187,1479277018,5344.0,6223.0,20
4025,545,104.0491728264595,30.678277913001608,1479276545,571.0,2359.0,15
3986,1500,104.06825327986508,30.671329918337257,1479277500,2397.0,1586.0,10
190,855,104.06125584855228,30.67250905607467,1479276855,1727.0,1717.0,10
2861,19,104.08039604927886,30.696836625276585,1479276019,3558.0,4422.0,20
3409,768,104.04806413341832,30.711584677571064,1479276768,465.0,6062.0,20
20,1535,104.04404612339172,30.68234685112404,1479277535,81.0,2811.0,15
776,1665,104.07086839031636,30.688659002642247,1479277665,2647.0,3513.0,15
2555,97,104.09926742567828,30.668624508744685,1479276097,5363.0,1285.0,15
3367,1096,104.08231463822077,30.68745973090553,1479277096,3742.0,3380.0,15
3492,1628,104.05878082968736,30.67364246424023,1479277628,1490.0,1843.0,10
3510,533,104.09834551389326,30.7114746305582,1479276533,5275.0,6050.0,20
1765,1562,104.0742035985915,30.690264793069275,1479277562,2966.0,3692.0,15
5058,731,104.0525552258806,30.66318804904444,1479276731,895.0,681.0,10
3621,735,104.04886383703192,30.673250795746245,1479276735,542.0,1800.0,10
4968,214,104.10066760071544,30.66435665213727,1479276214,5497.0,811.0,15
3983,697,104.06820349099397,30.668501237402747,1479276697,2392.0,1272.0,10
517,1414,104.06310236139905,30.670837048222104,1479277414,1904.0,1531.0,10
2648,66,104.09155957525545,30.66238736467592,1479276066,4626.0,592.0,15
5021,179,104.07502315750897,30.67655026761776,1479276179,3044.0,2167.0,15
300,1515,104.08267533849242,30.66520952919004,1479277515,3776.0,906.0,10
3085,1495,104.06474918316034,30.67388335369593,1479277495,2061.0,1870.0,10
1739,761,104.04221145292112,30.67686341616689,1479276761,94.0,2201.0,15
972,1715,104.10174667432575,30.685477429732497,1479277715,5600.0,3159.0,20
5087,727,104.05592626952452,30.68945011122065,1479276727,1217.0,3601.0,15
857,412,104.07385521535338,30.66525641449039,1479276412,2932.0,911.0,10
3729,1187,104.06387935382172,30.70479033813859,1479277187,1978.0,5307.0,20
1269,1253,104.08808982986858,30.6962929332062,1479277253,4294.0,4362.0,20
3507,446,104.09928774145656,30.661757537726643,1479276446,5365.0,522.0,15
3176,1309,104.06777394754664,30.67393934659164,1479277309,2351.0,1876.0,10
498,1636,104.0760925490033,30.660496418909453,1479277636,3146.0,381.0,10
5389,740,104.08810052030782,30.68118987857044,1479276740,4295.0,2682.0,20
5255,28,104.09054000389922,30.66329717616837,1479276028,4528.0,693.0,15
1467,95,104.07639096856428,30.68689433806014,1479276095,3175.0,3317.0,15
3305,1799,104.10070643116092,30.68971523612011,1479277799,5501.0,3630.0,20
5092,645,104.07185767601788,30.67247526070515,1479276645,2741.0,1713.0,10
5404,897,104.07919818431952,30.677576318313324,1479276897,3443.0,2281.0,15
3706,1671,104.0581525304884,30.6653971619604,1479277671,1430.0,926.0,10
106,1717,104.05503767537668,30.702345674169,1479277717,1132.0,5035.0,20
1270,1408,104.04895277503876,30.691622257125527,1479277408,550.0,3843.0,15
3542,1514,104.08526198137606,30.691706202220427,1479277514,4023.0,3852.0,20
159,279,104.08033668530751,30.68434243344296,1479276279,3552.0,3033.0,15
2024,321,104.0787281027621,30.69041081553837,1479276321,3398.0,3708.0,15
846,651,104.05783302924442,30.669365937814185,1479276651,1400.0,1368.0,10
3001,230,104.10172588218808,30.70259947433257,1479276230,5598.0,5063.0,20
2142,1591,104.05786276737678,30.673703953308088,1479277591,1403.0,1850.0,10
1535,1715,104.0691214793058,30.68011491837413,1479277715,2480.0,2563.0,15
1978,564,104.07534272715272,30.67701976152961,1479276564,3075.0,2219.0,15
4564,428,104.06040701179148,30.68408514209424,1479276428,1646.0,3004.0,15
4617,1513,104.04277937699864,30.687647235002203,1479277513,40.0,3401.0,15
1680,1315,104.09083815223909,30.700320286917083,1479277315,4557.0,4810.0,20
181,1751,104.093137610681,30.6914340473477,1479277751,4777.0,3822.0,20
193,123,104.1017666766749,30.685457444087483,1479276123,5602.0,3157.0,20
1982,42,104.06158463920256,30.684793003947856,1479276042,1759.0,3083.0,15
3680,1205,104.0729764802413,30.66391788338919,1479277205,2848.0,762.0,10
2912,768,104.05364238007776,30.66951323261459,1479276768,999.0,1384.0,10
2940,1719,104.08955048922552,30.663777214125936,1479277719,4434.0,746.0,15
2148,191,104.04770652803708,30.67924046512416,1479276191,431.0,2466.0,15
2669,385,104.09882752983206,30.666945188690544,1479276385,5321.0,1099.0,15
22,1022,104.0590209226609,30.66065781657793,1479277022,1513.0,399.0,10
2217,328,104.0977774978352,30.66985378083509,1479276328,5221.0,1422.0,15
4884,829,104.0536923863984,30.66682433234403,1479276829,1004.0,1085.0,10
1380,1109,104.07942873298909,30.6603238055862,1479277109,3465.0,362.0,10
894,598,104.08036770880824,30.661442650585027,1479276598,3555.0,487.0,10
3847,307,104.0577428728618,30.67700267214572,1479276307,1391.0,2217.0,15
3666,1362,104.0696515247025,30.66096281846932,1479277362,2530.0,433.0,10
2625,1690,104.09475753049009,30.68212818833501,1479277690,4932.0,2787.0,20
3654,331,104.068323622302,30.6613742287805,1479276331,2403.0,479.0,10
4731,159,104.04704744627016,30.696703809233604,1479276159,368.0,4408.0,20
4217,485,104.0920593224296,30.66328688381764,1479276485,4674.0,692.0,15
56,658,104.04413588273776,30.682246699893508,1479276658,90.0,2800.0,15
608,429,104.07979831848772,30.6608932899319,1479276429,3501.0,426.0,10
5207,28,104.08197587672888,30.667349003789223,1479276028,3709.0,1143.0,10
621,349,104.0889104343516,30.67266345998003,1479276349,4372.0,1734.0,15
942,151,104.08334440250944,30.67281577250976,1479276151,3840.0,1751.0,15
1665,1453,104.09649746194007,30.67493143309796,1479277453,5098.0,1987.0,15
3501,1522,104.06102518385252,30.696988226563924,1479277522,1705.0,4439.0,20
5115,81,104.09126972577504,30.66190762997285,1479276081,4598.0,538.0,15
4125,587,104.05112805077655,30.676604808649792,1479276587,758.0,2173.0,15
395,1033,104.06456944142047,30.675342948019104,1479277033,2044.0,2032.0,10
3794,1066,104.04540166486515,30.69971588554792,1479277066,211.0,4742.0,20
2768,1518,104.0730851060164,30.69051578558329,1479277518,2859.0,3719.0,15
3357,674,104.0539020734629,30.66301562535349,1479276674,1024.0,662.0,10
432,917,104.08957020619415,30.66968459795468,1479276917,4436.0,1403.0,15
4356,1164,104.05737358660718,30.678752504039128,1479277164,1356.0,2411.0,15
3609,697,104.06954072957603,30.68204354720646,1479276697,2520.0,2777.0,15
5315,915,104.04502221785047,30.70998184884749,1479276915,174.0,5884.0,20
2703,1695,104.07517338092735,30.66750416686192,1479277695,3058.0,1161.0,10
5253,154,104.07797822785568,30.70585417895852,1479276154,3327.0,5425.0,20
3666,768,104.08287513913578,30.665689201993743,1479276768,3795.0,959.0,15
1512,656,104.06671467015492,30.69699015139151,1479276656,2249.0,4439.0,20
5244,327,104.06972125032084,30.664571154499825,1479276327,2537.0,835.0,10
1088,673,104.0772399934082,30.68603401191049,1479276673,3256.0,3221.0,15
5254,1380,104.08963882992413,30.69871133213061,1479277380,4442.0,4631.0,20
3222,1139,104.06990909349896,30.705152396206632,1479277139,2555.0,5347.0,20
1694,1785,104.08817146483074,30.659769388494794,1479277785,4302.0,301.0,15
2879,128,104.0456122237944,30.675026766065905,1479276128,231.0,1997.0,10
3084,943,104.06495941028716,30.660678906075905,1479276943,2081.0,402.0,10
1873,1599,104.08578258173708,30.67027569050812,1479277599,4073.000000000001,1469.0,15
540,644,104.07932715242664,30.696977319612127,1479276644,3456.0,4438.0,20
5019,622,104.06587710822764,30.675421132602075,1479276622,2169.0,2041.0,10
3148,571,104.07738906564026,30.702386293532907,1479276571,3270.0,5039.0,20
608,411,104.07985825204705,30.66098320793004,1479276411,3507.0,436.0,10
4693,1553,104.07194774421252,30.66815708599305,1479277553,2750.0,1233.0,10
1857,1404,104.06928210458364,30.660963252883533,1479277404,2495.0,433.0,10
1679,968,104.08884107604204,30.65960924371064,1479276968,4366.0,283.0,15
2764,958,104.0975456404835,30.71072491078828,1479276958,5198.0,5967.0,20
5103,1446,104.0600388202569,30.660856099082533,1479277446,1611.0,421.0,10
3784,227,104.08255400811,30.696425440278,1479276227,3764.0,4377.0,20
3678,1449,104.04795440620076,30.711794802404,1479277449,455.0,6086.0,20
4804,361,104.09080910497175,30.679979674638226,1479276361,4554.0,2548.0,20
4209,1712,104.05614579178564,30.68923982508554,1479277712,1238.0,3578.0,15
2913,1497,104.10113761570602,30.664336766306587,1479277497,5542.0,809.0,15
1139,271,104.04887302816104,30.6905029353217,1479276271,543.0,3718.0,15
1554,158,104.050359551403,30.68509245716129,1479276158,685.0,3116.0,15
4720,1622,104.0991365288652,30.68820564462749,1479277622,5351.0,3463.0,20
527,197,104.08085702942324,30.665580501819885,1479276197,3602.0,947.0,10
2845,981,104.0536925929444,30.662286329234888,1479276981,1004.0,581.0,10
2305,1785,104.0422210800332,30.684489935249584,1479277785,94.0,3049.0,15
44,319,104.09817792645762,30.6595783438856,1479276319,5259.0,279.0,15
2882,1566,104.09769663184764,30.688835185709475,1479277566,5213.0,3533.0,20
240,913,104.05331345009824,30.66289676112233,1479276913,967.0,648.0,10
2857,1612,104.06918137467576,30.68032475197969,1479277612,2485.0,2586.0,15
4098,1426,104.09770567728972,30.70947551985732,1479277426,5214.0,5828.0,20
1822,1709,104.05861177418214,30.660738448945576,1479277709,1474.0,408.0,10
261,1549,104.0456720622372,30.675066620226843,1479277549,237.0,2002.0,10
2601,1795,104.06927123709652,30.68022469066357,1479277795,2494.0,2575.0,15
1050,799,104.07422346911922,30.69250373892907,1479276799,2968.0,3941.0,15
4782,1366,104.07467407211554,30.666505074824112,1479277366,3011.0,1050.0,10
1736,95,104.0826753311306,30.665369458706977,1479276095,3776.0,923.0,10
2993,388,104.07469360611589,30.676080787521062,1479276388,3013.0,2114.0,15
1621,14,104.04274963441183,30.683799062836474,1479276014,43.0,2973.0,15
315,1569,104.0957972091614,30.683507540316644,1479277569,5031.0,2940.0,20
2494,633,104.07377514318644,30.66917475984429,1479276633,2925.0,1346.0,10
3383,562,104.04949228518106,30.67250986387172,1479276562,602.0,1717.0,10
4631,1653,104.04157286871852,30.68531102937292,1479277653,156.0,3141.0,15
2084,404,104.04319919531716,30.66597605857216,1479276404,0.0,991.0,15
3602,493,104.0827451933888,30.667008694312045,1479276493,3783.0,1106.0,10
4870,1695,104.08356345358328,30.689348148496425,1479277695,3861.0,3590.0,20
5364,247,104.07918860982548,30.66856035809384,1479276247,3443.0,1278.0,10
2987,419,104.07476335062276,30.679659106987494,1479276419,3019.0,2512.0,15
1486,800,104.0694409389476,30.680894186580527,1479276800,2510.0,2650.0,15
3280,1061,104.0798782294816,30.66102317626182,1479277061,3508.0,440.0,10
2261,505,104.05609560365842,30.69578688019864,1479276505,1234.0,4306.0,20
2201,337,104.06838189274356,30.696968060077936,1479276337,2409.0,4437.0,20
2065,563,104.06777376014917,30.6780275083086,1479276563,2351.0,2331.0,15
5340,1491,104.04844318335196,30.711114127559902,1479277491,502.0,6010.0,20
2683,930,104.07640117476784,30.68214649763989,1479276930,3176.0,2789.0,15
4228,1401,104.06206376299036,30.68355284827716,1479277401,1804.0,2945.0,15
562,573,104.0799171357578,30.683892931862108,1479276573,3512.0,2983.0,15
5370,877,104.07374340631648,30.70784700872068,1479276877,2922.0,5647.0,20
4698,304,104.06313252577957,30.6660091451124,1479276304,1907.0,994.0,10
2324,193,104.05162635163926,30.68732897277562,1479276193,806.0,3365.0,15
4913,1491,104.0649993748212,30.65988919593752,1479277491,2085.0,314.0,10
3491,908,104.0772494863464,30.69679902773684,1479276908,3257.0,4418.0,20
1260,1298,104.06421974080152,30.682710104935573,1479277298,2011.0,2852.0,15
2892,1496,104.07810848215584,30.69713817401709,1479277496,3339.0,4456.0,20
5186,1147,104.083964306828,30.66356953596605,1479277147,3899.0,723.0,15
2672,777,104.0581624080785,30.66761616526768,1479276777,1431.0,1173.0,10
4524,470,104.07835949937956,30.66894081957008,1479276470,3363.0,1320.0,10
747,1302,104.08997042953114,30.660268639763,1479277302,4474.0,356.0,15
2277,1026,104.0520655316108,30.682120513956427,1479277026,848.0,2786.0,15
1676,173,104.09317703583696,30.70357837060832,1479276173,4781.0,5172.0,20
1465,469,104.0558969961268,30.674976745341848,1479276469,1215.0,1992.0,10
670,767,104.0767218018179,30.66010604377482,1479276767,3207.0,338.0,10
214,650,104.09475777769796,30.676770612942025,1479276650,4932.0,2191.0,20
303,1458,104.0438274746282,30.66576476189348,1479277458,60.0,967.0,10
5130,1309,104.07311641784815,30.66104899857688,1479277309,2862.0,443.0,10
1068,176,104.0831248666069,30.66685854354613,1479276176,3819.0,1089.0,15
2942,1332,104.05796269548902,30.67061516580761,1479277332,1412.0,1507.0,10
1514,282,104.05488823334416,30.69755818672316,1479276282,1118.0,4503.0,20
1272,1716,104.06241375898604,30.668918911159587,1479277716,1838.0,1318.0,10
2509,1538,104.1006766553117,30.68484746368657,1479277538,5498.0,3089.0,20
2050,1284,104.05172656177824,30.67741329208657,1479277284,816.0,2263.0,15
3322,1707,104.0578727725275,30.673124196083368,1479277707,1404.0,1786.0,10
5086,1096,104.058022777349,30.6660270996832,1479277096,1418.0,996.0,10
331,260,104.08214570459415,30.667678753982088,1479276260,3725.0,1180.0,10
4785,437,104.04323710040644,30.709815839231783,1479276437,4.0,5866.0,20
850,1133,104.05367223442671,30.671182434891133,1479277133,1002.0,1570.0,10
1884,1544,104.04609142599054,30.66452041527948,1479277544,277.0,829.0,10
2601,1642,104.06742421316324,30.68082668136985,1479277642,2317.0,2642.0,15
3327,206,104.07259703820375,30.66334852406766,1479276206,2812.0,699.0,10
459,175,104.09314884844888,30.66452618944865,1479276175,4778.0,830.0,15
813,1488,104.0748939156474,30.663696105782165,1479277488,3032.0,737.0,10
2113,1599,104.04098451437515,30.68587211837626,1479277599,212.0,3203.0,15
931,153,104.0417232827722,30.666799012785905,1479276153,141.0,1082.0,10
2563,990,104.05149581938085,30.70592055267309,1479276990,794.0,5432.0,20
4149,1720,104.05199655894988,30.66321909279734,1479277720,841.0,684.0,10
609,794,104.0549281253638,30.69793793787263,1479276794,1122.0,4545.0,20
3184,767,104.0783184595809,30.69251016102869,1479276767,3359.0,3941.0,15
87,1310,104.04312771555094,30.70293934180604,1479277310,7.0,5101.0,20
4534,1557,104.04869343654016,30.69155281391864,1479277557,526.0,3835.0,15
4524,660,104.08340463700416,30.66660849821781,1479276660,3846.0,1061.0,15
2019,1149,104.07082827445656,30.69248728024024,1479277149,2643.0,3939.0,15
1997,513,104.07992801315748,30.66460157135343,1479276513,3513.0,838.0,10
1882,329,104.0675145858172,30.66942168792809,1479276329,2326.0,1374.0,10
1956,568,104.062922788195,30.66892815843661,1479276568,1887.0,1319.0,10
4676,470,104.05805278573008,30.66444774578765,1479276470,1421.0,821.0,10
4434,415,104.05428114256648,30.664244394867243,1479276415,1060.0,798.0,10
242,551,104.05640524334332,30.68869962358612,1479276551,1263.0,3518.0,15
1175,491,104.07966678930748,30.697067030659472,1479276491,3488.0,4448.0,20
3106,1373,104.0631223859531,30.669477623900367,1479277373,1906.0,1380.0,10
1097,1122,104.0537221475387,30.670542628179263,1479277122,1007.0,1499.0,10
1724,1132,104.08964882366942,30.69873132008317,1479277132,4443.0,4633.0,20
2295,975,104.08752126734998,30.672873829272408,1479276975,4240.0,1758.0,15
250,626,104.05829248037142,30.66000929301891,1479276626,1444.0,327.0,10
4285,184,104.08762080486012,30.681519896358232,1479276184,4249.0,2719.0,20
3594,935,104.04131396581298,30.67729526001369,1479276935,180.0,2249.0,15
318,1737,104.07459417332907,30.66657511951133,1479277737,3003.0,1057.0,10
2659,1762,104.06713433836092,30.6887034511361,1479277762,2289.0,3518.0,15
2445,1068,104.06723451983086,30.68107680879452,1479277068,2299.0,2670.0,15
2169,1075,104.0615146120621,30.68838146529292,1479277075,1752.0,3482.0,15
661,274,104.05828246819024,30.660738991019805,1479276274,1443.0,408.0,10
3669,1486,104.05140798012452,30.66321022366245,1479277486,785.0,683.0,10
1346,131,104.04642878491462,30.70298216379817,1479276131,309.0,5106.0,20
4731,270,104.047266865792,30.696883268225115,1479276270,389.0,4428.0,20
1466,226,104.05429960398962,30.69700950371326,1479276226,1062.0,4442.0,20
2712,699,104.05498793252882,30.699187246360136,1479276699,1128.0,4684.0,20
1186,1398,104.06931205731073,30.660963217437263,1479277398,2498.0,433.0,10
1087,1178,104.08990804777108,30.712574698296145,1479277178,4468.0,6172.0,20
1611,387,104.09936754774704,30.66587574041988,1479276387,5373.0,980.0,15
3512,773,104.06361133945006,30.67233564611286,1479276773,1952.0,1698.0,10
4437,1099,104.0838931629795,30.6896578290791,1479277099,3893.0,3624.0,20
5206,766,104.0897581253874,30.71259472782217,1479276766,4454.0,6175.0,20
4747,692,104.06917227188887,30.66110332202804,1479276692,2484.0,449.0,10
287,759,104.0564152231882,30.68865962472752,1479276759,1264.0,3513.0,15
3946,1010,104.09880781528037,30.660787892235856,1479277010,5319.0,414.0,15
173,1059,104.0450725259235,30.70022635459496,1479277059,179.0,4799.0,20
893,33,104.09381677838648,30.704477883386723,1479276033,4842.0,5272.0,20
692,296,104.06011866545346,30.660696042900728,1479276296,1618.0,404.0,10
5024,1758,104.08278379740268,30.69654525022221,1479277758,3786.0,4390.0,20
817,1193,104.0814865163938,30.66346102430818,1479277193,3662.0,711.0,10
1145,325,104.04178339577122,30.66056161673479,1479276325,135.0,389.0,10
1162,369,104.04688784695368,30.697073970216945,1479276369,353.0,4449.0,20
1792,611,104.05788278269954,30.67243448770129,1479276611,1405.0,1709.0,10
4278,1384,104.09369784253734,30.682268193993387,1479277384,4830.0,2802.0,20
3102,691,104.0641501969116,30.6755434442806,1479276691,2004.0,2055.0,10
4424,34,104.08730100389664,30.6816799411694,1479276034,4218.0,2737.0,20
942,178,104.08294477752456,30.67220626962068,1479276178,3802.0,1684.0,15
1212,1612,104.05440045293064,30.673350138387747,1479277612,1071.0,1811.0,10
1657,376,104.0438564935814,30.68562577166829,1479276376,63.0,3176.0,15
5251,1251,104.08919931634156,30.693363946477337,1479277251,4400.0,4036.0,20
1629,291,104.06544735998744,30.68641671999143,1479276291,2128.0,3264.0,15
766,943,104.08093603745228,30.685421535139746,1479276943,3610.0,3153.0,15
118,240,104.05495803462476,30.698437650699645,1479276240,1125.0,4600.0,20
3880,1328,104.097457991631,30.660058068690084,1479277328,5190.0,333.0,15
4365,1565,104.04656870317474,30.696674826505525,1479277565,322.0,4404.0,20
2823,1397,104.05165675176312,30.67694363745965,1479277397,809.0,2210.0,15
3572,565,104.09382646263224,30.71124466764477,1479276565,4843.0,6024.0,20
4023,613,104.08188507309404,30.686620377884203,1479276613,3700.0,3286.0,15
898,747,104.05501782955966,30.69995683224228,1479276747,1130.0,4769.0,20
2009,1295,104.06300268923728,30.6677885471658,1479277295,1894.0,1192.0,10
2401,1738,104.06500931119376,30.66088874594462,1479277738,2086.0,425.0,10
3692,1133,104.05346315552052,30.66167701871785,1479277133,982.0,513.0,10
4232,350,104.09824667685896,30.68650630936484,1479276350,5265.0,3274.0,20
187,946,104.07064872089197,30.68865924842397,1479276946,2626.0,3513.0,15
2234,1763,104.09776559680093,30.71105477194171,1479277763,5219.0,6003.0,20
3741,1167,104.0760209611419,30.69691002836617,1479277167,3140.0,4430.0,20
2466,1731,104.07995814218414,30.66112307597517,1479277731,3516.0,451.0,10
3006,777,104.05204488839354,30.6973035554065,1479276777,846.0,4474.0,20
4459,1452,104.05339242015354,30.68141834496708,1479277452,975.0,2708.0,15
3849,635,104.05859048051056,30.68999534343058,1479276635,1472.0,3662.0,15
5266,1303,104.07905798057834,30.685272926921392,1479277303,3430.0,3137.0,15
4984,1334,104.06216410348594,30.671887960916344,1479277334,1814.0,1648.0,10
4241,954,104.05237498351184,30.67791183430748,1479276954,878.0,2318.0,15
3967,1459,104.08098602434532,30.684641858501266,1479277459,3614.0,3066.0,15
395,60,104.05339332831132,30.66146723955049,1479276060,975.0,489.0,10
1733,60,104.09597593725113,30.710205086984644,1479276060,5048.0,5909.0,20
3103,569,104.04872278131282,30.704296797668093,1479276569,528.0,5252.0,20
4458,393,104.06169551149247,30.66101346821609,1479276393,1769.0,439.0,10
4316,1605,104.04849389083608,30.692742668583392,1479277605,506.0,3967.0,15
3825,1032,104.04123494017618,30.66074278790468,1479277032,188.0,409.0,10
3387,1365,104.05992675747474,30.710883383392613,1479277365,1600.0,5984.0,20
3701,1370,104.08163639290466,30.66305110922665,1479277370,3677.0,666.0,10
5258,765,104.05372209611627,30.67167212491012,1479276765,1007.0,1624.0,10
1756,946,104.04395706524564,30.666963947269966,1479276946,72.0,1101.0,10
3137,1634,104.05635621804718,30.66973828582682,1479277634,1259.0,1409.0,10
4798,1086,104.08182523502116,30.68432146675828,1479277086,3695.0,3031.0,15
3925,1749,104.05827188908606,30.67389318843047,1479277749,1442.0,1871.0,10
4739,336,104.06830364060278,30.661684117710376,1479276336,2401.0,514.0,10
1256,1703,104.05100854302772,30.672207012361365,1479277703,747.0,1684.0,10
4658,478,104.0936683324034,30.6718628851406,1479276478,4828.0,1645.0,15
699,498,104.0872214350461,30.673463676792498,1479276498,4211.0,1823.0,15
4258,1209,104.05791284516424,30.669665671318217,1479277209,1407.0,1401.0,10
2321,496,104.0504081322574,30.713579016712394,1479276496,690.0,6284.0,20
5260,685,104.09376861786684,30.66496593421912,1479276685,4837.0,878.0,15
2512,1252,104.05580685260712,30.682513496698085,1479277252,1206.0,2830.0,15
1966,633,104.05452016903456,30.67355982815,1479276633,1083.0,1834.0,10
868,1196,104.09587718650786,30.68361749061616,1479277196,5039.0,2952.0,20
2222,1574,104.04585996751683,30.71011998574549,1479277574,255.0,5899.0,20
3924,1051,104.0693719564851,30.66110308550065,1479277051,2504.0,449.0,10
326,436,104.07320390029516,30.713135024400803,1479276436,2870.0,6235.0,20
3169,1787,104.08251560095287,30.662620760955708,1479277787,3761.0,618.0,10
5283,1536,104.0682724731772,30.68821225005561,1479277536,2398.0,3463.0,15
5221,1767,104.09310785386396,30.686396369372225,1479277767,4774.0,3261.0,20
1613,814,104.057802971914,30.672024804071764,1479276814,1397.0,1663.0,10
3610,1145,104.0784088611678,30.68160509349965,1479277145,3368.0,2729.0,15
528,1007,104.05850200495416,30.66073862914375,1479277007,1464.0,408.0,10
2557,714,104.0589311056024,30.66074792317645,1479276714,1505.0,409.0,10
2458,966,104.07696083935146,30.67481932959052,1479276966,3229.0,1974.0,10
4971,82,104.0613247948556,30.692539835304817,1479276082,1734.0,3945.0,15
4122,585,104.06385938431106,30.70493030030829,1479276585,1976.0,5322.0,20
2932,679,104.07173713773126,30.68798835950369,1479276679,2730.0,3438.0,15
717,1406,104.09055936142936,30.677021066942302,1479277406,4530.0,2219.0,20
2786,119,104.04955143568829,30.68790276997697,1479276119,608.0,3429.0,15
1688,659,104.08792109716632,30.67108448573264,1479276659,4278.0,1559.0,15
3115,1522,104.04320839212204,30.683118349897946,1479277522,1.0,2897.0,15
1581,491,104.0517954891304,30.69728403997266,1479276491,822.0,4472.0,20
5383,1347,104.06780283416744,30.697138696609088,1479277347,2353.0,4456.0,20
3368,302,104.05359253266543,30.668713679346048,1479276302,994.0,1295.0,10
4645,1508,104.07376388167395,30.696922133062152,1479277508,2924.0,4432.0,20
2403,1206,104.06708570650667,30.66068608161125,1479277206,2285.0,403.0,10
780,342,104.10009759714372,30.664376528187105,1479276342,5443.0,813.0,15
4063,597,104.07599258552068,30.66238568072656,1479276597,3137.0,592.0,10
4946,1655,104.04337731818816,30.696491810165487,1479277655,17.0,4384.0,20
1342,1317,104.0986778260334,30.66076788385682,1479277317,5307.0,412.0,15
2161,1687,104.06694468077949,30.688233910371626,1479277687,2271.0,3466.0,15
550,1051,104.05670460009746,30.688389250316607,1479277051,1292.0,3483.0,15
2809,1097,104.0712685512698,30.67219602387242,1479277097,2685.0,1682.0,10
1235,1056,104.07983793852584,30.668250023774387,1479277056,3505.0,1244.0,10
2050,1181,104.05402121347716,30.675819719818257,1479277181,1035.0,2085.0,10
3136,1134,104.047835047193,30.70447852561972,1479277134,443.0,5272.0,20
1014,805,104.08195598730336,30.66534989891975,1479276805,3707.0,921.0,10
655,1652,104.07987748356656,30.677235978831096,1479277652,3508.0,2243.0,15
2468,195,104.05486991073754,30.661744430370547,1479276195,1116.0,520.0,10
4595,913,104.07806814117828,30.705524263762747,1479276913,3335.0,5388.0,20
3196,1097,104.06371943937414,30.709378388437923,1479277097,1963.0,5817.0,20
294,1275,104.10258601411,30.70143026322201,1479277275,5681.0,4933.0,20
1908,150,104.05907081434844,30.66075769201369,1479276150,1518.0,411.0,10
4420,148,104.06994997794236,30.68454193219608,1479276148,2559.0,3055.0,15
2849,876,104.06810375004544,30.666412285028493,1479276876,2382.0,1039.0,10
272,784,104.09209930330432,30.66334685106585,1479276784,4677.0,698.0,15
2860,552,104.06246237745498,30.69702603915356,1479276552,1843.0,4443.0,20
1363,942,104.08455360811055,30.66836711697962,1479276942,3956.0,1257.0,15
726,892,104.09195806307892,30.691484189069403,1479276892,4664.0,3827.0,20
2823,1545,104.04554213991209,30.68099422245225,1479277545,224.0,2661.0,15
3544,1607,104.09863788823188,30.65948843699229,1479277607,5303.0,269.0,15
3107,1790,104.07630108644842,30.686714498698706,1479277790,3166.0,3297.0,15
5302,986,104.05383138609282,30.681667423771263,1479276986,1017.0,2736.0,15
467,1488,104.05335335755852,30.662876696029816,1479277488,971.0,646.0,10
4002,879,104.0680637852738,30.66707204287336,1479276879,2378.0,1113.0,10
55,298,104.06817311425932,30.6777871207986,1479276298,2389.0,2304.0,15
1911,336,104.05875043640503,30.6836280014046,1479276336,1488.0,2954.0,15
5118,288,104.06789269311356,30.696978659208355,1479276288,2362.0,4438.0,20
5167,1484,104.08062742159213,30.66201222408668,1479277484,3580.0,550.0,10
239,799,104.06384940002096,30.7049902861203,1479276799,1975.0,5329.0,20
2350,1028,104.0768603500324,30.688043408208262,1479277028,3220.0,3445.0,15
4584,295,104.05722396393872,30.67757328989596,1479276295,1342.0,2280.0,15
213,371,104.07680969123103,30.70365617911245,1479276371,3215.0,5181.0,20
2736,157,104.0977556728588,30.7094355432967,1479276157,5219.0,5823.0,20
3177,1095,104.0471287185298,30.66406843194228,1479277095,376.0,779.0,10
1528,407,104.08297499973568,30.66680865053769,1479276407,3805.0,1083.0,15
3491,773,104.07584118421327,30.69691018799673,1479276773,3122.0,4431.0,20
4973,532,104.08524199793392,30.691676225419435,1479276532,4022.000000000001,3849.0,20
2089,1675,104.07939771629783,30.683113661235065,1479277675,3463.0,2896.0,15
2437,1268,104.0635796936904,30.70949853089826,1479277268,1949.0,5830.0,20
4209,1360,104.05485832873347,30.696958520275164,1479277360,1115.0,4436.0,20
2052,1203,104.0503301960489,30.67253818995681,1479277203,682.0,1720.0,10
2398,210,104.08526300626706,30.66946628674276,1479276210,4024.0,1379.0,15
4437,1304,104.08985870641663,30.69887119909867,1479277304,4463.0,4649.0,20
4373,332,104.05696467214264,30.67439516047469,1479276332,1317.0,1927.0,10
1123,663,104.04766732865018,30.66386740253439,1479276663,427.0,756.0,10
1574,394,104.0980367114188,30.686236410828688,1479276394,5245.0,3244.0,20
4417,1528,104.08907095041344,30.659499222634995,1479277528,4388.0,271.0,15
4136,625,104.10069760129292,30.66435665858221,1479276625,5500.0,811.0,15
445,1667,104.08947892700384,30.698471488048845,1479277667,4427.0,4604.0,20
1082,41,104.07703143878592,30.659975838685973,1479276041,3236.0,324.0,10
5328,1198,104.09623682114456,30.689904613257955,1479277198,5073.0,3652.0,20
3814,1670,104.08836068544848,30.67419294839432,1479277670,4320.0,1904.0,15
2210,1637,104.08815082476892,30.673923138914983,1479277637,4300.0,1874.0,15
2458,1182,104.08057663939802,30.68009420156621,1479277182,3575.0,2561.0,15
5189,25,104.04773569155329,30.69596272621249,1479276025,434.0,4325.0,20
3420,1420,104.072226995946,30.675703421661424,1479277420,2777.0,2072.0,10
3278,1723,104.07698140793224,30.66193502444956,1479277723,3231.0,541.0,10
2266,258,104.0695716600403,30.660733012332823,1479276258,2523.0,408.0,10
4006,1581,104.100616441056,30.689465332011565,1479277581,5492.0,3603.0,20
4724,1461,104.09057764728782,30.713953874973424,1479277461,4532.0,6326.0,20
3142,1453,104.07063878232404,30.68764972364136,1479277453,2625.0,3401.0,15
270,1191,104.06447900913112,30.688347163029377,1479277191,2035.0,3478.0,15
2677,1665,104.07759831641393,30.713370903297843,1479277665,3290.0,6261.0,20
3793,1016,104.069389904036,30.705153002532303,1479277016,2505.0,5347.0,20
5120,1427,104.076011865752,30.67750893894849,1479277427,3139.0,2273.0,15
356,1391,104.06670595113884,30.66941272670132,1479277391,2249.0,1373.0,10
4751,827,104.09676675224736,30.689254930872973,1479276827,5124.0,3579.0,20
2620,1437,104.05608680960832,30.669828713652457,1479277437,1233.0,1419.0,10
385,1609,104.06950152020022,30.6661707064931,1479277609,2516.0,1012.0,10
2301,140,104.05993873532128,30.66716348444548,1479276140,1601.0,1123.0,10
1743,499,104.0543908504506,30.665123808894705,1479276499,1071.0,896.0,10
2305,1488,104.0430087044054,30.6884263647739,1479277488,18.0,3487.0,15
1938,1240,104.0699610436844,30.660972454755843,1479277240,2560.0,434.0,10
3198,216,104.0493711241608,30.704675312481807,1479276216,590.0,5294.0,20
3837,1061,104.072855096483,30.69768269205973,1479277061,2837.0,4516.0,20
4981,1259,104.09242921013492,30.662507169166307,1479277259,4709.0,605.0,15
4898,1106,104.10135567216344,30.70665746335828,1479277106,5563.0,5514.0,20
1978,567,104.07534272715272,30.67701976152961,1479276567,3075.0,2219.0,15
767,192,104.09789749723596,30.669553925213133,1479276192,5232.0,1389.0,15
4478,1057,104.07973824857103,30.66377207134382,1479277057,3495.0,746.0,10
1442,893,104.07922758129182,30.689980638889203,1479276893,3446.0,3660.0,15
333,539,104.0456919976962,30.67531646543437,1479276539,238.0,2029.0,10
4452,1300,104.051138025537,30.6766247803418,1479277300,759.0,2175.0,15
948,289,104.07930886917087,30.660133976329924,1479276289,3454.0,341.0,10
9,1370,104.04662004166512,30.66426940884192,1479277370,327.0,801.0,10
4255,1169,104.05062946407229,30.67239766580541,1479277169,711.0,1705.0,10
408,1774,104.0861817590072,30.68187030226481,1479277774,4111.0,2758.0,20
2192,511,104.06593703193435,30.674801331076583,1479276511,2175.0,1972.0,10
164,1145,104.08690126054938,30.68187000817053,1479277145,4180.0,2758.0,20
431,401,104.0704997931,30.67023775302294,1479276401,2611.0,1465.0,10
4745,149,104.09326880899626,30.664466202591168,1479276149,4789.0,823.0,15
3291,1355,104.0862816789681,30.68207016914112,1479277355,4121.0,2780.0,20
1804,404,104.07200791236482,30.66260946741903,1479276404,2756.0,616.0,10
2903,661,104.07827944984658,30.671959538440337,1479276661,3356.0,1656.0,10
2603,1689,104.06427937310262,30.68834744193836,1479277689,2016.0,3478.0,15
5338,342,104.05515805624904,30.688052109975263,1479276342,1144.0,3446.0,15
567,1098,104.04342777846468,30.68328778588988,1479277098,22.0,2916.0,15
219,1161,104.0959176031038,30.674401658256443,1479277161,5043.0,1928.0,15
5079,288,104.07100820095596,30.688229044989505,1479276288,2660.0,3465.0,15
4470,72,104.07693155084954,30.66011586161203,1479276072,3227.0,339.0,10
2676,1320,104.0674434390941,30.696979222914862,1479277320,2319.0,4438.0,20
5250,947,104.07857796487708,30.69698787814741,1479276947,3384.0,4439.0,20
4554,1641,104.0976979163506,30.660997677896056,1479277641,5213.0,437.0,15
2820,990,104.05649505709604,30.688449583403944,1479276990,1272.0,3490.0,15
3645,1081,104.0439470929905,30.666953973590868,1479277081,72.0,1100.0,10
2040,1114,104.06897258975296,30.661093564675664,1479277114,2465.0,448.0,10
627,46,104.07744934552645,30.69478979876008,1479276046,3276.0,4195.0,15
1026,282,104.04769724674958,30.663967296842635,1479276282,430.0,767.0,10
3762,1481,104.07849827278586,30.692220155651864,1479277481,3376.0,3909.0,15
1896,1483,104.08912915246012,30.69776191937696,1479277483,4393.0,4525.0,20
2448,1538,104.08442268532464,30.690647099217287,1479277538,3943.0,3734.0,20
732,272,104.0989877818336,30.66124771616019,1479276272,5336.0,465.0,15
2608,1280,104.06203261339304,30.70994058640688,1479277280,1801.0,5879.0,20
175,429,104.05240447679692,30.68747742407225,1479276429,881.0,3382.0,15
4400,1474,104.0766106780116,30.68742390551656,1479277474,3196.0,3376.0,15
2378,411,104.07884749675506,30.70072592251728,1479276411,3410.0,4855.0,20
1105,1397,104.05463958066862,30.68046650096972,1479277397,1094.0,2602.0,15
5147,396,104.06857325438328,30.66057427356381,1479276396,2427.0,390.0,10
4712,1071,104.06855269055238,30.673578547454888,1479277071,2425.0,1836.0,10
4185,1696,104.04731822312812,30.66410802005426,1479277696,394.0,783.0,10
168,345,104.06640683978004,30.661226724806227,1479276345,2220.0,463.0,10
5207,1248,104.08227570106092,30.665169783586567,1479277248,3738.0,901.0,10
1219,1129,104.06326086242848,30.69702487193672,1479277129,1919.0,4443.0,20
570,1051,104.0918894043868,30.663037021578653,1479277051,4657.0,664.0,15
3367,1644,104.07329377088176,30.713254876328755,1479277644,2879.0,6248.0,20
3342,660,104.06376035966387,30.6876684873764,1479276660,1967.0,3403.0,15
2481,651,104.05207607291582,30.66969608047381,1479276651,849.0,1404.0,10
3061,989,104.08913071548108,30.663867293341703,1479276989,4394.0,756.0,15
0,1773,104.09214733772696,30.70550759763168,1479277773,4682.0,5386.0,20
1379,681,104.0767305196118,30.687733660804778,1479276681,3207.0,3410.0,15
3482,512,104.04434560430344,30.675789161378948,1479276512,110.0,2082.0,10
2532,544,104.06485792594748,30.697012623561,1479276544,2072.0,4442.0,20
5025,1405,104.05804276955595,30.665267401485817,1479277405,1420.0,912.0,10
4413,1077,104.06292299297048,30.6644501371217,1479277077,1887.0,821.0,10
616,1333,104.087140504815,30.69478397795405,1479277333,4203.0,4194.0,20
1163,1612,104.0685232759555,30.66186377051006,1479277612,2422.0,534.0,10
721,1318,104.055367161141,30.697317446203822,1479277318,1164.0,4476.0,20
2007,1294,104.07613157454536,30.68062742298745,1479277294,3150.0,2620.0,15
170,550,104.05091853363064,30.67724492687986,1479276550,738.0,2244.0,15
1609,613,104.04713798712464,30.679621472101694,1479276613,377.0,2508.0,15
3121,750,104.06387085049752,30.67250520055159,1479276750,1977.0,1717.0,10
277,560,104.07584166602553,30.68643503203216,1479276560,3122.0,3266.0,15
4352,688,104.04958180396608,30.67814715303671,1479276688,611.0,2344.0,15
3000,273,104.04460376141024,30.70091704588496,1479276273,134.0,4876.0,20
3571,1614,104.08426393508016,30.66631816995612,1479277614,3928.0,1029.0,15
5240,32,104.07119856255248,30.674205201830844,1479276032,2678.0,1906.0,10
1427,1365,104.06955128889204,30.669509169451704,1479277365,2521.0,1384.0,10
5244,1138,104.09135886276424,30.679749666114763,1479277138,4607.0,2522.0,20
944,291,104.05825214024586,30.669315263174187,1479276291,1440.0,1362.0,10
3764,1076,104.09126967970022,30.66290719189472,1479277076,4598.0,650.0,15
4284,1464,104.06400915336944,30.703940555773745,1479277464,1991.0,5212.0,20
4613,945,104.04080615822528,30.66082373692509,1479276945,229.0,418.0,10
4567,1339,104.05999866637175,30.6660039018695,1479277339,1607.0,994.0,10
2494,966,104.07937879013944,30.660233881379945,1479276966,3461.0,352.0,10
1913,529,104.09215927476852,30.66343680206568,1479276529,4683.0,708.0,15
5023,1569,104.04561053399463,30.712289481975848,1479277569,231.0,6141.0,20
4468,1374,104.05775300977096,30.6735342129328,1479277374,1392.0,1831.0,10
3710,800,104.06676624859404,30.660686492800068,1479276800,2254.0,403.0,10
187,805,104.07072821990174,30.69694531960368,1479276805,2633.0,4434.0,20
0,1193,104.08248448145166,30.68751960216297,1479277193,3758.0,3386.0,15
2059,1307,104.063919619825,30.6973737660612,1479277307,1982.0,4482.0,20
4999,28,104.0515556725574,30.70596041878134,1479276028,799.0,5437.0,20
3531,471,104.06831362847268,30.661594144827458,1479276471,2402.0,504.0,10
4424,1748,104.06723451891452,30.68109679972132,1479277748,2299.0,2672.0,15
5182,1464,104.05854191777946,30.66080853299584,1479277464,1468.0,416.0,10
3505,1466,104.06822214558504,30.69712818145002,1479277466,2394.0,4455.0,20
4473,1692,104.07708137651554,30.660045766347697,1479277692,3241.0,331.0,10
4989,1583,104.09672697469848,30.68458706997452,1479277583,5120.0,3060.0,20
1993,649,104.06978965753125,30.69691640444748,1479276649,2543.0,4431.0,20
3400,385,104.0539020734629,30.66301562535349,1479276385,1024.0,662.0,10
1712,632,104.04116513813123,30.66075294330665,1479276632,195.0,410.0,10
2883,432,104.066306714942,30.66771400149414,1479276432,2210.0,1184.0,10
3248,1774,104.04808408350392,30.71155465101007,1479277774,467.0,6059.0,20
2416,1155,104.06340174283407,30.672066067278845,1479277155,1932.0,1668.0,10
4491,1419,104.07743955585134,30.690471807066288,1479277419,3275.0,3715.0,15
954,1400,104.04189194302832,30.685860053114475,1479277400,125.0,3202.0,15
4241,1630,104.09136963678284,30.66286719000229,1479277630,4608.0,645.0,15
2562,477,104.08035666368971,30.684372405991365,1479276477,3554.0,3036.0,15
2614,384,104.08680128533292,30.68279962474327,1479276384,4171.0,2861.0,20
2037,430,104.0594699881058,30.66076704408592,1479276430,1556.0,412.0,10
644,966,104.09138935831592,30.668714606601856,1479276966,4610.0,1295.0,15
3380,693,104.07002983216036,30.685031616337422,1479276693,2566.0,3110.0,15
1320,807,104.07923725673147,30.696797469803457,1479276807,3447.0,4418.0,20
1994,1376,104.06824376570329,30.66108445359345,1479277376,2396.0,447.0,10
5017,683,104.08042657553408,30.684752184494304,1479276683,3561.0,3079.0,15
1058,263,104.08098703789678,30.662621716687152,1479276263,3615.0,618.0,10
791,491,104.04550214376644,30.683263276243068,1479276491,220.0,2913.0,15
3905,348,104.05538753652304,30.688101679819752,1479276348,1166.0,3451.0,15
4791,180,104.05856163910607,30.66599622247597,1479276180,1469.0,993.0,10
3949,945,104.05487826240147,30.697418269931863,1479276945,1117.0,4487.0,20
1143,1035,104.0712773932981,30.69709464112128,1479277035,2686.0,4451.0,20
3502,1199,104.07736984378914,30.685983927525992,1479277199,3269.0,3216.0,15
3569,324,104.05817237277772,30.66792601152844,1479276324,1432.0,1208.0,10
666,801,104.09006825876828,30.70621768532365,1479276801,4483.0,5465.0,20
1746,1356,104.05309239810772,30.697321576231936,1479277356,946.0,4476.0,20
4294,1490,104.04383744774152,30.665754744358665,1479277490,61.0,966.0,10
5053,1598,104.05177506893448,30.7075692353349,1479277598,820.0,5616.0,20
4622,993,104.05802263369722,30.669175706021463,1479276993,1418.0,1347.0,10
1174,1583,104.08915040992008,30.6702544629809,1479277583,4395.0,1467.0,15
1383,630,104.04512381810495,30.66875061613955,1479276630,184.0,1299.0,10
3071,981,104.08743133177671,30.672733924807407,1479276981,4231.0,1742.0,15
3587,1545,104.07226752891826,30.66284908761324,1479277545,2780.0,643.0,10
973,840,104.05027973478042,30.68540247240964,1479276840,677.0,3151.0,15
2667,1449,104.04833425103376,30.69379250710222,1479277449,491.0,4084.0,15
252,1492,104.09867653871515,30.688665369370582,1479277492,5307.0,3514.0,20
1688,1060,104.0551383656366,30.682254795769857,1479277060,1142.0,2801.0,15
2425,759,104.08759121839778,30.67296376365081,1479276759,4246.0,1768.0,15
896,1192,104.05809277021646,30.66292834692942,1479277192,1425.0,652.0,10
2382,1225,104.07632059672513,30.69682980284905,1479277225,3168.0,4422.0,20
2189,573,104.07505180675368,30.70508706471087,1479276573,3047.0,5340.0,20
1954,1784,104.10022645556816,30.689095422889515,1479277784,5455.0,3562.0,20
2464,1188,104.05341327892044,30.6615271764399,1479277188,977.0,496.0,10
218,680,104.07257639502248,30.67797203421195,1479276680,2810.0,2325.0,15
2863,631,104.06825371598542,30.66181412214299,1479276631,2397.0,528.0,10
854,1298,104.07677004817526,30.69693936488005,1479277298,3211.0,4434.0,20
38,547,104.08322270832473,30.7118177877331,1479276547,3828.0,6088.0,20
1899,1240,104.04478475615647,30.6682315794919,1479277240,152.0,1242.0,10
679,1321,104.0504196502271,30.67966480853821,1479277321,691.0,2513.0,15
4285,148,104.09035931359564,30.68018968173132,1479276148,4511.0,2571.0,20
791,760,104.04532263512051,30.683033766092503,1479276760,203.0,2888.0,15
4901,1733,104.0740848820795,30.665805947934537,1479277733,2954.0,972.0,10
3700,416,104.06086641056476,30.67710759163868,1479276416,1690.0,2229.0,15
4270,1211,104.04158269723366,30.68847955377816,1479277211,155.0,3493.0,15
4317,1662,104.07739931072894,30.69680889943605,1479277662,3271.0,4419.0,20
293,1050,104.05969919175534,30.6678835466461,1479277050,1578.0,1203.0,10
3280,821,104.08309493087434,30.666028926887567,1479276821,3816.0,997.0,15
3640,412,104.0536127878036,30.66208656352898,1479276412,996.0,558.0,10
4086,1311,104.08929927483877,30.69306405683888,1479277311,4410.0,4003.0,20
2044,307,104.07573221032082,30.67757915645768,1479276307,3112.0,2281.0,15
4197,1590,104.07618076608948,30.696869906345405,1479277590,3155.0,4426.0,20
4293,353,104.0688126142064,30.666131543635824,1479276353,2450.0,1008.0,10
2971,1484,104.04917282600547,30.6782879084884,1479277484,571.0,2360.0,15
1828,400,104.07628111270124,30.68667453444193,1479276400,3164.0,3292.0,15
467,1064,104.04445567076844,30.667732516036462,1479277064,120.0,1186.0,10
4980,480,104.06964115712276,30.669319148652185,1479276480,2529.0,1363.0,10
5335,996,104.06033695577996,30.68839327825327,1479276996,1639.0,3483.0,15
276,904,104.04098361862653,30.705682894540683,1479276904,212.0,5406.0,20
1422,1661,104.0420408749718,30.700163086023483,1479277661,111.0,4792.0,20
4953,879,104.05464043070177,30.6618048160256,1479276879,1094.0,527.0,10
3718,976,104.05786277467442,30.67354402490507,1479276976,1403.0,1832.0,10
2889,1136,104.04292835659233,30.70100069844026,1479277136,26.0,4885.0,20
3910,1592,104.05724391116676,30.677783161381257,1479277592,1343.0,2304.0,15
5365,915,104.0437177733526,30.66581498145073,1479276915,50.0,973.0,10
2033,1346,104.08367304988798,30.69609496335187,1479277346,3871.0,4340.0,20
2301,41,104.05936980325644,30.66932343566874,1479276041,1547.0,1363.0,10
4528,1577,104.05775297419648,30.67431386370292,1479277577,1392.0,1918.0,10
2499,245,104.06168551454518,30.66137332598108,1479276245,1768.0,479.0,10
1158,994,104.05788331711726,30.660719662751912,1479276994,1405.0,406.0,10
4656,1565,104.05528814487911,30.6796856954564,1479277565,1156.0,2515.0,15
4437,376,104.082705233088,30.66691875731301,1479276376,3779.0,1096.0,10
2020,955,104.0529343327575,30.66308738257149,1479276955,931.0,670.0,10
4140,1107,104.06425901452378,30.696973474339245,1479277107,2014.0,4438.0,20
5149,784,104.08305498135545,30.66568909942324,1479276784,3812.0,959.0,15
690,248,104.04114421581836,30.68242332603313,1479276248,197.0,2820.0,15
1012,1618,104.04798467024504,30.70428830775697,1479277618,458.0,5251.0,20
5250,1142,104.07158693846662,30.697084308691043,1479277142,2715.0,4450.0,20
1138,724,104.05493809085868,30.69819779855037,1479276724,1123.0,4574.0,20
90,1094,104.04125460405167,30.66693002362386,1479277094,186.0,1097.0,10
5046,1364,104.04556235249623,30.67512682787409,1479277364,226.0,2008.0,10
2148,1267,104.06877181562702,30.68494314040567,1479277267,2446.0,3100.0,15
331,847,104.0705601199523,30.661131701343603,1479276847,2617.0,452.0,10
5146,708,104.09348790774226,30.682368168136875,1479276708,4810.0,2814.0,20
5133,463,104.04704791488324,30.686378582298804,1479276463,368.0,3259.0,15
2178,837,104.05826247484778,30.66151868320632,1479276837,1441.0,495.0,10
2333,581,104.090478877209,30.688365921153984,1479276581,4522.0,3480.0,20
68,766,104.06938029605286,30.696956865023388,1479276766,2504.0,4436.0,20
1806,1096,104.07644172178809,30.66919228467588,1479277096,3180.0,1348.0,10
1670,971,104.04381750197106,30.66576478384015,1479276971,59.0,967.0,10
2323,995,104.08350454819224,30.6666884081115,1479276995,3855.0,1070.0,15
4162,915,104.06001854589408,30.667753097104463,1479276915,1609.0,1188.0,10
3972,1266,104.08632165032158,30.68208014782555,1479277266,4125.0,2781.0,20
1105,302,104.09148937407387,30.667415163441987,1479276302,4619.0,1151.0,15
4810,140,104.06035711423868,30.684045238484405,1479276140,1641.0,3000.0,15
2672,810,104.05817236684872,30.668055953969382,1479276810,1432.0,1222.0,10
2002,1024,104.10122567182074,30.70652749367052,1479277024,5550.0,5500.0,20
1508,555,104.04390649907678,30.682487093980104,1479276555,68.0,2827.0,15
165,105,104.09535804251142,30.667664661951303,1479276105,4989.0,1179.0,15
5379,1777,104.06932203514825,30.661103144468257,1479277777,2499.0,449.0,10
3580,495,104.04518366172364,30.66865053155208,1479276495,190.0,1288.0,10
1115,710,104.08332333883976,30.69627507050757,1479276710,3838.0,4360.0,20
1750,1269,104.06801355751544,30.673829097548403,1479277269,2374.0,1864.0,10
5220,128,104.05714453219576,30.6689073022376,1479276128,1334.0,1317.0,10
5066,1574,104.07072824055908,30.69649552940122,1479277574,2633.0,4384.0,20
4149,1714,104.05199655894988,30.66321909279734,1479277714,841.0,684.0,10
2932,823,104.0665154094536,30.68832442518726,1479276823,2230.0,3476.0,15
1009,194,104.05336340152115,30.661397325496768,1479276194,972.0,482.0,10
229,1392,104.0681934958491,30.66875113886974,1479277392,2391.0,1299.0,10
521,707,104.0481356768096,30.67365209796972,1479276707,472.0,1844.0,10
22,324,104.0488541799732,30.666253925445123,1479276324,541.0,1022.0,10
1668,1638,104.05490818071252,30.69771807631368,1479277638,1120.0,4520.0,20
4136,970,104.08966060679768,30.65994886037853,1479276970,4444.0,321.0,15
616,376,104.07984823437415,30.661592948397505,1479276376,3506.0,503.0,10
2529,1733,104.05406172885912,30.66247557063853,1479277733,1039.0,602.0,10
4035,963,104.09577762918136,30.67450161262159,1479276963,5029.0,1939.0,15
4513,1721,104.05641577895072,30.676475169190564,1479277721,1264.0,2158.0,15
3681,1139,104.0631423725798,30.66894783016244,1479277139,1908.0,1321.0,10
1115,641,104.09410731268356,30.690934188952408,1479276641,4870.0,3766.0,20
595,549,104.07189761543393,30.672535191202524,1479276549,2745.0,1720.0,10
3094,265,104.04128367982705,30.68550160223789,1479276265,183.0,3162.0,15
961,624,104.06321234901124,30.66658877346069,1479276624,1914.0,1059.0,10
1708,1301,104.06806240704104,30.6971283785729,1479277301,2378.0,4455.0,20
4191,1261,104.09341895357169,30.66020805288714,1479277261,4804.0,349.0,15
1298,976,104.09386675038712,30.704737756447468,1479276976,4847.0,5301.0,20
4584,532,104.06684549035332,30.67427037829153,1479276532,2262.0,1913.0,10
1967,1493,104.05730290212144,30.6970542152038,1479277493,1349.0,4447.0,20
1138,970,104.04779549158332,30.69696213690053,1479276970,440.0,4436.0,20
4984,1031,104.05091853363064,30.67724492687986,1479277031,738.0,2244.0,15
4018,1486,104.06298272697552,30.66778857623621,1479277486,1892.0,1192.0,10
173,1074,104.04421479244478,30.701507616820013,1479277074,97.0,4942.0,20
5205,1671,104.0677238542752,30.677777683529524,1479277671,2346.0,2303.0,15
3705,55,104.073186166089,30.66442744622392,1479276055,2868.0,819.0,10
831,446,104.0740451530228,30.661068067284656,1479276446,2951.0,445.0,10
4335,1075,104.09863655806112,30.68831552514964,1479277075,5303.0,3475.0,20
5244,119,104.06645637940797,30.66940305611337,1479276119,2225.0,1372.0,10
2525,1615,104.08024678307268,30.68420255947036,1479277615,3544.0,3017.0,15
4177,638,104.06379985729022,30.697024099366608,1479276638,1971.0,4443.0,20
3266,1060,104.07749957316712,30.68858262837269,1479277060,3281.0,3505.0,15
1126,1796,104.08495326583927,30.66898664644579,1479277796,3994.0,1326.0,15
583,1040,104.09634796683164,30.66460601813499,1479277040,5084.0,838.0,15
1412,1014,104.05065773794928,30.708730843301947,1479277014,713.0,5745.0,20
3204,1778,104.06161530672732,30.66891011140672,1479277778,1762.0,1317.0,10
1798,1144,104.05780292402656,30.67307433515729,1479277144,1397.0,1780.0,10
324,1290,104.04762741826382,30.66416735312298,1479277290,424.0,790.0,10
4017,1062,104.09263834497682,30.67950956467629,1479277062,4729.0,2496.0,20
817,507,104.09123740899172,30.712414472150176,1479276507,4595.0,6155.0,20
3553,990,104.06857325713166,30.660514299751068,1479276990,2427.0,383.0,10
1682,586,104.06834273299448,30.680065881902834,1479276586,2405.0,2558.0,15
2871,931,104.04703711065704,30.70467008996802,1479276931,367.0,5293.0,20
4141,1349,104.07777887263111,30.696798595407994,1479277349,3308.0,4418.0,20
33,1253,104.09751750203893,30.670493474348884,1479277253,5196.0,1493.0,15
770,1120,104.0434575928098,30.68556667922184,1479277120,25.0,3169.0,15
3324,350,104.05995871794876,30.66665367817158,1479276350,1603.0,1066.0,10
1430,948,104.09152908185824,30.6733725048142,1479276948,4623.0,1813.0,15
1495,905,104.07008975594871,30.68468170731534,1479276905,2572.0,3071.0,15
5388,298,104.1024275750458,30.66724582048688,1479276298,5665.0,1132.0,15
575,1662,104.09832788245224,30.660208085818176,1479277662,5273.0,349.0,15
1228,1068,104.09994761337232,30.66406663647713,1479277068,5428.0,778.0,15
3069,1736,104.0709281238756,30.692507159792488,1479277736,2652.0,3941.0,15
2266,996,104.09486750205672,30.682098197613364,1479276996,4942.0,2783.0,20
1170,515,104.07422351001648,30.6916141505824,1479276515,2968.0,3842.0,15
4931,651,104.05055797905084,30.708830990819248,1479276651,704.0,5756.0,20
4144,851,104.05991780609456,30.688393939121188,1479276851,1599.0,3484.0,15
1417,847,104.08990046994752,30.660178696950144,1479276847,4467.0,346.0,15
2688,1237,104.05513871048046,30.674688213512585,1479277237,1142.0,1960.0,10
4272,271,104.09880780652132,30.660977809247147,1479276271,5319.0,435.0,15
5276,307,104.0772691790568,30.702966119309043,1479276307,3259.0,5104.0,20
4243,503,104.04432612422856,30.66550378351036,1479276503,108.0,938.0,10
397,654,104.06912147884732,30.68012491384541,1479276654,2480.0,2564.0,15
2585,959,104.05577790845057,30.66081322760425,1479276959,1203.0,417.0,10
3198,1043,104.06993982547829,30.688200267589824,1479277043,2558.0,3462.0,15
118,923,104.05775291946452,30.67551332543924,1479276923,1392.0,2051.0,10
988,345,104.05728383075964,30.677653152366634,1479276345,1347.0,2289.0,15
2377,456,104.09933653151629,30.687925803835785,1479276456,5370.0,3431.0,20
1602,253,104.04316791063584,30.69619241472824,1479276253,3.0,4351.0,20
1436,1724,104.08396282589436,30.69571498620525,1479277724,3899.0,4298.0,20
4896,962,104.05490818116834,30.69770808098336,1479276962,1120.0,4519.0,20
4923,89,104.0890309720274,30.659519225752017,1479276089,4384.0,273.0,15
30,444,104.07660025779242,30.69681956584986,1479276444,3195.0,4420.0,20
3794,1177,104.04251937376247,30.703690347708584,1479277177,65.0,5184.0,20
1618,806,104.0829238304674,30.69314674991308,1479276806,3800.0,4012.0,20
2932,949,104.05191565174545,30.687378396913576,1479276949,834.0,3371.0,15
3485,365,104.07842783178238,30.703484945468745,1479276365,3370.0,5162.0,20
662,277,104.04733631056342,30.705109259075904,1479276277,396.0,5342.0,20
2191,532,104.08770063195,30.68416866163052,1479276532,4257.0,3014.0,20
2228,210,104.0605862118474,30.6936804460016,1479276210,1663.0,4071.0,15
1528,392,104.08297499973568,30.66680865053769,1479276392,3805.0,1083.0,15
2872,1307,104.06845261701288,30.67870636268829,1479277307,2416.0,2406.0,15
4621,610,104.08822974319388,30.69632287223576,1479276610,4307.0,4365.0,20
4724,1735,104.09358653552115,30.711364631548,1479277735,4820.0,6038.0,20
2164,782,104.08681208973748,30.66519750680601,1479276782,4172.0,904.0,15
682,1720,104.07736911700742,30.701776596921565,1479277720,3268.0,4972.0,20
598,1332,104.04234183755472,30.66032045922953,1479277332,82.0,362.0,10
4528,1568,104.0577529737404,30.674323859222323,1479277568,1392.0,1919.0,10
4198,1719,104.04775486039055,30.71312457676645,1479277719,436.0,6233.0,20
654,166,104.10051644015408,30.689455315626056,1479276166,5483.0,3602.0,20
2474,1492,104.09972769888346,30.662317364980463,1479277492,5407.0,584.0,15
3713,360,104.04587170746588,30.671167938249603,1479276360,256.0,1568.0,10
2069,372,104.09452719806316,30.690724260089244,1479276372,4910.0,3743.0,20
679,1593,104.04917280103506,30.67883766013484,1479277593,571.0,2421.0,15
5039,13,104.04819532318491,30.67805999402981,1479276013,478.0,2334.0,15
420,758,104.06291152145027,30.6970253792704,1479276758,1886.0,4443.0,20
1716,601,104.09074872863988,30.68875568089176,1479276601,4548.0,3524.0,20
5028,1554,104.05157694290922,30.676983772452555,1479277554,801.0,2215.0,15
4826,381,104.06392089692108,30.66947647903125,1479276381,1982.0,1380.0,10
4431,968,104.06052729151764,30.67269010116452,1479276968,1657.0,1737.0,10
2504,420,104.09915651252088,30.688535495937607,1479276420,5353.0,3499.0,20
4095,1348,104.09024014593736,30.663437185460737,1479277348,4500.0,708.0,15
493,1387,104.06815362206268,30.66742177710288,1479277387,2387.0,1152.0,10
4290,952,104.09001996471184,30.6697944310095,1479276952,4479.0,1415.0,15
2839,1787,104.05475884566088,30.69060164930845,1479277787,1106.0,3729.0,15
1851,606,104.05291356379308,30.68101941614316,1479276606,929.0,2664.0,15
2024,420,104.08022668469272,30.686781393584823,1479276420,3542.0,3304.0,15
4420,647,104.06299259016104,30.67036741698832,1479276647,1893.0,1479.0,10
5235,1425,104.0618632800784,30.702574331449966,1479277425,1785.0,5060.0,20
3775,1590,104.068413469887,30.66151405757237,1479277590,2412.0,495.0,10
5010,1262,104.07150779135078,30.6810617709807,1479277262,2708.0,2668.0,15
5379,328,104.08381375263605,30.678303052005024,1479276328,3885.0,2361.0,20
4658,426,104.0926585743641,30.67437187642748,1479276426,4731.0,1924.0,15
4436,962,104.05215617628318,30.66321878959749,1479276962,857.0,684.0,10
141,734,104.09264778816932,30.69149408056965,1479276734,4730.0,3828.0,20
1486,581,104.06493878272228,30.67517251426842,1479276581,2079.0,2013.0,10
179,496,104.07625209233412,30.666163790501432,1479276496,3162.0,1012.0,10
4316,1184,104.0591698195759,30.678009868558185,1479277184,1528.0,2329.0,15
708,944,104.070928143613,30.69207735875885,1479276944,2652.0,3893.0,15
2914,415,104.070129655085,30.68554126851255,1479276415,2576.0,3166.0,15
3143,598,104.09981764729082,30.663386911656428,1479276598,5416.0,703.0,15
1157,156,104.06755431221136,30.67393962222601,1479276156,2330.0,1876.0,10
3425,304,104.08859053617547,30.674472748973105,1479276304,4342.0,1936.0,15
334,941,104.0710477411186,30.696944963935223,1479276941,2664.0,4434.0,20
4664,962,104.09173875655829,30.67846017932636,1479276962,4643.0,2379.0,20
3062,1234,104.08486269606264,30.682870447334427,1479277234,3985.0,2869.0,20
3534,1011,104.0736832516348,30.712974621945072,1479277011,2916.0,6217.0,20
929,486,104.08930919462368,30.69468330232638,1479276486,4411.0,4183.0,20
4145,686,104.08076567287374,30.696976309319165,1479276686,3593.0,4438.0,20
2732,1027,104.09457834971391,30.665455663484188,1479277027,4915.0,933.0,15
2825,1714,104.085061964011,30.695394585177613,1479277714,4004.0,4262.0,20
3602,695,104.07991759810386,30.67384747298496,1479276695,3512.0,1866.0,10
3351,1623,104.08468226209985,30.69534479224292,1479277623,3968.0,4256.0,20
3633,584,104.05528767506824,30.689990987033752,1479276584,1156.0,3661.0,15
4501,312,104.06544820960784,30.66786507914024,1479276312,2128.0,1201.0,10
4609,814,104.0532137754428,30.66088782557408,1479276814,958.0,425.0,10
1891,173,104.0610854586186,30.688382120911665,1479276173,1711.0,3482.0,15
4549,527,104.07135844839657,30.67154621545877,1479276527,2694.0,1610.0,10
2702,918,104.045631903705,30.68091406671865,1479276918,233.0,2652.0,15
1216,1390,104.04197177493072,30.68461044368378,1479277390,117.0,3063.0,15
2987,1763,104.09652755966128,30.672692436978057,1479277763,5101.0,1738.0,15
1741,1358,104.0531534502598,30.67112342019655,1479277358,952.0,1563.0,10
1128,998,104.08778970796548,30.702969907169923,1479276998,4265.0,5104.0,20
2629,211,104.07976759553836,30.677286034593816,1479276211,3498.0,2248.0,15
2639,325,104.0578626588191,30.676082885791928,1479276325,1403.0,2115.0,15
3194,1549,104.0685632466864,30.66109405861324,1479277549,2426.0,448.0,10
5381,592,104.09725570288325,30.710265108815843,1479276592,5171.0,5916.0,20
4404,935,104.05177646511125,30.67689343092224,1479276935,820.0,2205.0,15
1913,132,104.09720752217612,30.67102321613849,1479276132,5166.0,1552.0,15
3610,890,104.07644090233283,30.687014239792465,1479276890,3180.0,3330.0,15
4920,1718,104.0534431507407,30.662806560756348,1479277718,980.0,638.0,10
